,Users,Preferences,Itens,Genres,Bigger_User_Model,Average_User_Model,Std_User_Model,Median_User_Model,Smaller_User_Model,Max_Transaction,Average_Transaction,Std_Transaction,Median_Transaction,Min_Transaction
raw_movielens,138493,20000263,27278,20,9254,144.4135299257002,230.26725699673386,68.0,20,5.0,3.5255285642993797,1.0519889192942424,3.5,0.5
clean_movielens,80672,9013655,15400,19,3163,111.73213754462515,118.54863710781123,72.0,27,5.0,4.363062597803,0.4377636871585514,4.0,4.0
raw_oms,1019318,48373586,999056,16,4400,47.45681524313316,57.81573063001363,27.0,10,9667.0,2.866858847305635,6.43772468687701,1.0,1.0
clean_oms,94611,4807615,98305,15,547,50.81454587732927,26.308207949956266,42.0,5,9667.0,5.205792893149722,8.757583111027557,3.0,2.0
